{"mtx": [[4845.450498349196, 0.0, 1871.1045236517616], [0.0, 4863.47244539476, 1089.0369845389098], [0.0, 0.0, 1.0]], "dist": [[-0.34570254354150753, 0.25049944166295873, 0.003482852223168883, 0.0039016475070105428, -0.6100879573856446]], "tvecs": [[-22000.0], [-10200.0], [-6600.0]], "rvecs": [[0.0], [0.0], [0.0]]}