{"mtx": [[4845.45068359375, 0.0, 1871.1044921875], [0.0, 4863.47265625, 1089.0369873046875], [0.0, 0.0, 1.0]], "dist": [[-0.34570252895355225, 0.250499427318573, 0.003482852131128311, 0.0039016474038362503, -0.6100879311561584]], "tvecs": [[10527.977261137969], [28.86330659777268], [22668.163335231453]], "rvecs": [[0.6521640473525622], [2.1584519088750547], [-1.449164720343266]]}