{"mtx": [[2063.6053262639452, 0.0, 1921.2692678290316], [0.0, 2069.0979172194516, 1170.8044664624076], [0.0, 0.0, 1.0]], "dist": [[-0.35581081692181526, 0.15396244781188656, -0.00019466216892086418, -8.921997145030064e-05, -0.03411207133965546]], "tvecs": [[0.0], [0.0], [0.0]], "rvecs": [[0.0], [0.0], [0.0]]}