{"mtx": [[5597.959273107261, 0.0, 1896.5889362479998], [0.0, 5602.571119510342, 1177.2082737762669], [0.0, 0.0, 1.0]], "dist": [[-0.3574993176057509, 0.6305569174549673, -0.002618092889585904, 0.007730768196397218, -3.5251327774886474]], "tvecs": [[0.0], [0.0], [0.0]], "rvecs": [[0.0], [0.0], [0.0]]}