{"mtx": [[2063.605224609375, 0.0, 1921.269287109375], [0.0, 2069.097900390625, 1170.804443359375], [0.0, 0.0, 1.0]], "dist": [[-0.35581082105636597, 0.15396244823932648, -0.0001946621632669121, -8.921997505240142e-05, -0.03411206975579262]], "tvecs": [[-1290.26033135538], [-3484.9812071475485], [13787.516427499811]], "rvecs": [[1.6423046774705876], [1.5110939390826805], [-0.7870799789644723]]}