{"mtx": [[4201.219269631875, 0.0, 1964.8461078516532], [0.0, 4211.456226016491, 1214.9281972495276], [0.0, 0.0, 1.0]], "dist": [[-0.30267744251197504, -0.30012395084085397, 0.000305111584348297, -0.0006374598565462461, 1.2293052117556076]], "tvecs": [[-0.0], [10200.0], [-6350.0]], "rvecs": [[0.0], [0.0], [0.0]]}