{"mtx": [[2090.3046875, 0.0, 1923.4130859375], [0.0, 2093.13818359375, 1228.02734375], [0.0, 0.0, 1.0]], "dist": [[-0.3730141222476959, 0.1808924823999405, -0.0009542573243379593, 6.77131101838313e-05, -0.04652298986911774]], "tvecs": [[-7579.002810903379], [-4641.432011603194], [23769.701577042768]], "rvecs": [[1.1902393078422442], [-2.0837297987777847], [1.4906831393677953]]}