{"mtx": [[2090.304649713769, 0.0, 1923.413030523944], [0.0, 2093.138145215516, 1228.0273223264417], [0.0, 0.0, 1.0]], "dist": [[-0.37301412148467894, 0.18089248021972062, -0.0009542573045538044, 6.77131136503683e-05, -0.04652299126447317]], "tvecs": [[22400.0], [-10400.0], [-6900.0]], "rvecs": [[0.0], [0.0], [0.0]]}