{"mtx": [[4184.4482421875, 0.0, 1965.0433349609375], [0.0, 4191.75, 1170.4189453125], [0.0, 0.0, 1.0]], "dist": [[-0.36103108525276184, 0.1895119845867157, 0.0007605453720316291, -0.000693773792590946, -0.16727805137634277]], "tvecs": [[7189.449235469846], [655.8288733368307], [22887.04758364362]], "rvecs": [[0.27492155759023285], [2.292647219074564], [-1.6341959433381745]]}