{"mtx": [[4177.814499768368, 0.0, 1978.8775031031048], [0.0, 4184.893727309706, 1180.8133776779803], [0.0, 0.0, 1.0]], "dist": [[-0.35680835387484816, 0.14612887902624744, 0.0034861833688379046, -0.0016149999556163163, -0.06741987233291605]], "tvecs": [[-15100.0], [-17860.0], [-6200.0]], "rvecs": [[0.0], [0.0], [0.0]]}