{"mtx": [[3723.7034699889564, 0.0, 1906.598326843773], [0.0, 3736.746520873186, 1173.6705236984742], [0.0, 0.0, 1.0]], "dist": [[-0.36581305167924844, 0.16760014014148156, 0.003139565031788848, 0.0005917752063499355, 0.020437521929083973]], "tvecs": [[-22000.0], [10200.0], [-5800.0]], "rvecs": [[0.0], [0.0], [0.0]]}