{"mtx": [[4201.21923828125, 0.0, 1964.8460693359375], [0.0, 4211.4560546875, 1214.92822265625], [0.0, 0.0, 1.0]], "dist": [[-0.3026774525642395, -0.3001239597797394, 0.00030511157820001245, -0.0006374598597176373, 1.2293052673339844]], "tvecs": [[-505.2649244849083], [211.90965543619993], [30999.565272778465]], "rvecs": [[2.1538358628733594], [0.0025430418624318306], [0.02160943430070019]]}