{"mtx": [[3723.703369140625, 0.0, 1906.5982666015625], [0.0, 3736.74658203125, 1173.6705322265625], [0.0, 0.0, 1.0]], "dist": [[-0.3658130466938019, 0.1676001399755478, 0.00313956500031054, 0.0005917752278037369, 0.02043752186000347]], "tvecs": [[-8848.572524532636], [-3351.234636201817], [16219.319467434905]], "rvecs": [[1.6678084019732988], [0.7905286929729103], [-0.30995287635047886]]}