{"mtx": [[17801.861328125, 0.0, 1934.7723388671875], [0.0, 9573.20703125, 771.9186401367188], [0.0, 0.0, 1.0]], "dist": [[-6.8298749923706055, 100.16461181640625, 0.01745518669486046, -0.05536935478448868, -1003.8348999023438]], "tvecs": [[-1288.9755685897258], [7246.945627197578], [107248.69297766469]], "rvecs": [[1.4885386816102257], [-1.4734999822533958], [1.030841426194716]]}