{"mtx": [[17801.861266438144, 0.0, 1934.7723792336437], [0.0, 9573.207151027014, 771.9186470407723], [0.0, 0.0, 1.0]], "dist": [[-6.829874764319187, 100.16460924514224, 0.01745518726536436, -0.05536935455080738, -1003.8349259522736]], "tvecs": [[24800.0], [-0.0], [-6400.0]], "rvecs": [[0.0], [0.0], [0.0]]}